100,SUKIENKI,Kobieta > Odzież > Sukienki,
101,SPÓDNICE,Kobieta > Odzież > Spódnice,
102,SWETRY,Kobieta > Odzież > Swetry i bluzy,
103,KOSZULE,Kobieta > Odzież > Koszule,
104,MARYNARKI I ŻAKIETY,Kobieta > Odzież > Marynarki,
105,KAMIZELKI,Kobieta > Odzież > Marynarki,
106,KURTKI,Kobieta > Odzież > Odzież wierzchnia,
107,PŁASZCZE,Kobieta > Odzież > Odzież wierzchnia,
108,TUNIKI,Kobieta > Odzież > T-shirty i topy,
109,KOMBINEZONY,Kobieta > Odzież > Kombinezony,
110,OBUWIE,Kobieta > Obuwie,
111,TOREBKI,Kobieta > Akcesoria > Torebki,
112,AKCESORIA,Kobieta > Akcesoria,
113,BLUZKI i T-SHIRTY,Kobieta > Odzież > T-shirty i topy,
114,BLUZY,Kobieta > Odzież > Swetry i bluzy,
115,SPODNIE DRESY,Kobieta > Odzież > Odzież sportowa,
116,SPODNIE I SZORTY,Kobieta > Odzież > Spodnie i spodenki,
117,JEANSY,Kobieta > Odzież > Jeansy,
118,SUKIENKI,Kobieta > Odzież > Sukienki,
119,SPÓDNICE,Kobieta > Odzież > Spódnice,
120,SWETRY,Kobieta > Odzież > Swetry i bluzy,
121,KOSZULE,Kobieta > Odzież > Koszule,
122,MARYNARKI I ŻAKIETY,Kobieta > Odzież > Marynarki,
123,KAMIZELKI,Kobieta > Odzież > Marynarki,
124,KURTKI,Kobieta > Odzież > Odzież wierzchnia,
125,PŁASZCZE,Kobieta > Odzież > Odzież wierzchnia,
127,KOMBINEZONY,Kobieta > Odzież > Kombinezony,
128,OBUWIE,Kobieta > Obuwie,
129,TOREBKI,Kobieta > Akcesoria > Torebki,
130,AKCESORIA,Kobieta > Akcesoria > Torebki,
131,BLUZKI i T-SHIRTY,Kobieta > Odzież > T-shirty i topy,
132,BLUZY,Kobieta > Odzież > Swetry i bluzy,
133,DRESY,Kobieta > Odzież > Odzież sportowa,
134,SPODNIE I SZORTY,Kobieta > Odzież > Spodnie i spodenki,
135,JEANSY,Kobieta > Odzież > Jeansy,
136,SUKIENKI,Kobieta > Odzież > Sukienki,
137,SPÓDNICE,Kobieta > Odzież > Spódnice,
138,SWETRY,Kobieta > Odzież > Swetry i bluzy,
139,KOSZULE,Kobieta > Odzież > Koszule,
140,MARYNARKI I ŻAKIETY,Kobieta > Odzież > Marynarki,
141,KAMIZELKI,Kobieta > Odzież > Marynarki,
142,KURTKI,Kobieta > Odzież > Odzież wierzchnia,
143,PŁASZCZE,Kobieta > Odzież > Odzież wierzchnia,
144,TUNIKI,Kobieta > Odzież > T-shirty i topy,
145,TOREBKI,Kobieta > Akcesoria > Torebki,
146,AKCESORIA,Kobieta > Akcesoria ,
147,ODZIEŻ NARCIARSKA,odziez sportowa,
148,BLUZY,Kobieta > Odzież > Swetry i bluzy,
149,POLARY,odziez sportowa,
150,SPODNIE,Kobieta > Odzież > Spodnie i spodenki,
151,KAMIZELKI,Kobieta > Odzież > Marynarki,
152,KURTKI,Kobieta > Odzież > Odzież wierzchnia,
153,KOMBINEZONY,Kobieta > Odzież > Kombinezony,
154,CZAPKI I SZALIKI,Kobieta > Odzież > CZAPKI,Kobieta > Odzież >SZALIKI
155,RĘKAWICE,Kobieta > Akcesoria > Rękawiczki,
156,BLUZKI i T-SHIRTY,Kobieta > Odzież > T-shirty i topy,
157,BLUZY,Kobieta > Odzież > Swetry i bluzy,
158,SPODNIE I SPODENKI,Kobieta > Odzież > Spodnie i spodenki,
159,JEANSY,Kobieta > Odzież > Jeansy,
160,SUKIENKI,Kobieta > Odzież > Sukienki,
161,MARYNARKI I ŻAKIETY,Kobieta > Odzież > Marynarki,
162,SPÓDNICE,Kobieta > Odzież > Spódnice,
163,KURTKI I PŁASZCZE LETNIE,Kobieta > Odzież > Odzież wierzchnia,
164,KURTKI I PŁASZCZE ZIMOWE,Kobieta > Odzież > Odzież wierzchnia,
165,TUNIKI,Kobieta > Odzież > T-shirty i topy,
166,CZAPKI I SZALE,Kobieta > Odzież > CZAPKI,Kobieta > Odzież >SZALIKI
167,AKCESORIA,Kobieta > Akcesoria,
169,SWETRY I SWETERKI,Kobieta > Odzież > Swetry i bluzy,
170,KOSZULE,Kobieta > Odzież > Koszule,
171,KAMIZELKI,Kobieta > Odzież > Marynarki,
173,COLMAR,Kobieta > Odzież > Odzież sportowa,
174,BLUZKI i T-SHIRTY,Kobieta > Odzież > T-shirty i topy,
176,SUKIENKI,Kobieta > Odzież > Sukienki,
178,TOREBKI,Kobieta > Akcesoria > Torebki,
180,OBUWIE,Kobieta > Obuwie,
183,AKCESORIA,Kobieta > Akcesoria,
184,SWETRY,Kobieta > Odzież > Swetry i bluzy,
185,BLUZY,Kobieta > Odzież > Swetry i bluzy,
186,KURTKI I PŁASZCZE,Kobieta > Odzież > Odzież wierzchnia,
187,SPORTALM FITNESS,odzież sportowa,
188,KURTKI,Kobieta > Odzież > Odzież wierzchnia,
190,BLUZY,Kobieta > Odzież > Swetry i bluzy,
194,KOMBINEZONY,Kobieta > Odzież > Kombinezony,
195,SPODNIE,Kobieta > Odzież > Spodnie i spodenki,
196,BLUZY,Kobieta > Odzież > Swetry i bluzy,
197,Marki,marynarki ,
198,BLUZKI,Kobieta > Odzież > T-shirty i topy,
199,Odzież,Kobieta > Odzież,
200,Obuwie,Kobieta > Obuwie,
201,Torebki,Kobieta > Akcesoria > Torebki,
202,DRESY,Kobieta > Odzież > Odzież sportowa,
203,Akcesoria,Kobieta > Akcesoria,
206,KAMIZELKI,Kobieta > Odzież > Marynarki,
207,JEANSY,Kobieta > Odzież > Jeansy,
208,KOMBINEZONY,Kobieta > Odzież > Kombinezony,
209,KOSZULE,Kobieta > Odzież > Koszule,
210,KURTKI,Kobieta > Odzież > Odzież wierzchnia,
211,MARYNARKI/ŻAKIETY,Kobieta > Odzież > Marynarki,
212,PŁASZCZE,Kobieta > Odzież > Odzież wierzchnia,
214,SPÓDNICE,Kobieta > Odzież > Spódnice,
215,SUKIENKI,Kobieta > Odzież > Sukienki,
216,SWETRY,Kobieta > Odzież > Swetry i bluzy,
217,SPODNIE/SZORTY,Kobieta > Odzież > Spodnie i spodenki,
218,T-SHIRTY,Kobieta > Odzież > T-shirty i topy,
219,TUNIKI,Kobieta > Odzież > T-shirty i topy,
220,BRELOKI,akcesoria,
221,CHUSTY/SZALE,Kobieta > Akcesoria > Szaliki i chusty,
222,CZAPKI/KAPELUSZE,Kobieta > Akcesoria > Czapki i kapelusze,
223,PASKI,Kobieta > Akcesoria > Paski,
224,PORTFELE,Kobieta > Akcesoria > Portfele i etui,
227,ESPADRYLE/TRAMPKI,Kobieta > Obuwie > Obuwie na płaskiej podeszwie,
228,SZPILKI/CZÓŁENKA,Kobieta > Obuwie > Obuwie na obcasie,
229,BOTKI/KOZAKI,Kobieta > Obuwie > Kozaki,
230,SNAKERSY,Kobieta > Obuwie > Obuwie sportowe,
231,OUTLET,promocje,promocje
233,ELISABETTA FRANCHI - MOVES,odzieża damska ,odzieża damska 
234,CZAPKI i SZALE,Kobieta > Akcesoria > Szaliki i chusty,
235,CZAPKI I SZALE,Kobieta > Akcesoria > Szaliki i chusty,
236,MET,Kobieta > Odzież > Odzież sportowa,
237,BLUZKI i T-SHIRTY,Kobieta > Odzież > T-shirty i topy,
238,BLUZY,Kobieta > Odzież > Swetry i bluzy,
239,DRESY,Kobieta > Odzież > Odzież sportowa,
240,SPODNIE I SZORTY,Kobieta > Odzież > Spodnie i spodenki,
241,JEANSY,Kobieta > Odzież > Jeansy,
242,SUKIENKI,Kobieta > Odzież > Sukienki,
243,SPÓDNICE,Kobieta > Odzież > Spódnice,
244,SWETRY,Kobieta > Odzież > Swetry i bluzy,
245,KOSZULE,Kobieta > Odzież > Koszule,
246,MARYNARKI I ŻAKIETY,Kobieta > Odzież > Marynarki,
248,KURTKI,Kobieta > Odzież > Odzież wierzchnia,
249,KOMBINEZONY,Kobieta > Odzież > Kombinezony,
252,AKCESORIA,Kobieta > Akcesoria,
253,ROBERTA BIAGI,odzież damska,
254,KAMIZELKI,Kobieta > Odzież > Marynarki,
255,BLUZKI i T-SHIRTY,Kobieta > Odzież > T-shirty i topy,
256,KURTKI,Kobieta > Odzież > Odzież wierzchnia,
257,PŁASZCZE,Kobieta > Odzież > Odzież wierzchnia,
258,MARYNARKI I ŻAKIETY,Kobieta > Odzież > Marynarki,
259,KOSZULE,Kobieta > Odzież > Koszule,
261,SPÓDNICE,Kobieta > Odzież > Spódnice,
262,SWETRY,Kobieta > Odzież > Swetry i bluzy,
263,SPODNIE I SZORTY,Kobieta > Odzież > Spodnie i spodenki,
264,KOMBINEZONY,Kobieta > Odzież > Kombinezony,
265,JEANSY,Kobieta > Odzież > Jeansy,
266,SUKIENKI,Kobieta > Odzież > Sukienki,
267,BLUZY,Kobieta > Odzież > Swetry i bluzy,
271,BLUZKI,Kobieta > Odzież > T-shirty i topy,
273,SUKIENKI I SPÓDNICE,Kobieta > Odzież > Sukienki,
274,SPODNIE I SZORTY,Kobieta > Odzież > Spodnie i spodenki,
275,TWINSET,odzież damska,
276,BLUZKI i T-SHIRTY,Kobieta > Odzież > T-shirty i topy,
278,KOSZULE,Kobieta > Odzież > Koszule,
279,SPODNIE I SZORTY,Kobieta > Odzież > Spodnie i spodenki,
280,JEANSY,Kobieta > Odzież > Jeansy,
281,KOMBINEZONY,Kobieta > Odzież > Kombinezony,
282,SPÓDNICE,Kobieta > Odzież > Spódnice,
283,SWETRY,Kobieta > Odzież > Swetry i bluzy,
284,SUKIENKI,Kobieta > Odzież > Sukienki,
285,MARYNARKI I ŻAKIETY,Kobieta > Odzież > Marynarki,
286,KURTKI,Kobieta > Odzież > Odzież wierzchnia,
287,KAMIZELKI,Kobieta > Odzież > Marynarki,
288,PŁASZCZE,Kobieta > Odzież > Odzież wierzchnia,
289,BLUZY,Kobieta > Odzież > Swetry i bluzy,
290,FRACOMINA,odzież damska,
291,SWETRY,Kobieta > Odzież > Swetry i bluzy,
292,SUKIENKI,Kobieta > Odzież > Sukienki,
293,JEANSY,Kobieta > Odzież > Jeansy,
294,T-SHIRTY,Kobieta > Odzież > T-shirty i topy,
295,KURTKI,Kobieta > Odzież > Odzież wierzchnia,
296,Promocje,promocje,
297,MARYNARKI,Kobieta > Odzież > Marynarki,
298,PŁASZCZE,Kobieta > Odzież > Odzież wierzchnia,
299,BOSIDENG,Kobieta > Odzież > Odzież wierzchnia,
300,KURTKI I PŁASZCZE,Kobieta > Odzież > Odzież wierzchnia,
301,SPODNIE,Kobieta > Odzież > Spodnie i spodenki,
302,MARYNARKI I ŻAKIETY,Kobieta > Odzież > Marynarki,
303,NEW ITALIA SHOES,Kobieta > Obuwie,
304,TRAPERY,Kobieta > Obuwie,
305,KARDIGAN,swetry,
307,KALOSZE,Kobieta > Obuwie,
308,Jijil,odzież damska,
309,SUKIENKI,Kobieta > Odzież > Sukienki,
310,SPODNIE,Kobieta > Odzież > Spodnie i spodenki,
311,T-SHIRTY,Kobieta > Odzież > T-shirty i topy,
314,SPÓDNICE,Kobieta > Odzież > Spódnice,
317,TOREBKI,Kobieta > Akcesoria > Torebki,
319,SPODENKI,Kobieta > Odzież > Spodnie i spodenki,
320,CZAPKI,Kobieta > Akcesoria > Czapki i kapelusze,
321,LEGINSY,Kobieta > Odzież > Spodnie i spodenki,
322,LEGINSY,Kobieta > Odzież > Spodnie i spodenki,
323,KOSTIUM KĄPIELOWY,Kobieta > Odzież > Bielizna i piżamy,Bielizna
324,KOSTIUM KĄPIELOWY,Kobieta > Odzież > Bielizna i piżamy,Bielizna
325,KOMBINEZON,Kobieta > Odzież > Kombinezony,
326,KOMBINEZON,Kobieta > Odzież > Kombinezony,
327,BLUZY,Kobieta > Odzież > Swetry i bluzy,
328,SPODENKI,Kobieta > Odzież > Spodnie i spodenki,
329,SPÓDNICE,Kobieta > Odzież > Spódnice,
330,TOREBKI,Kobieta > Akcesoria > Torebki,
331,KOMBINEZON,Kobieta > Odzież > Kombinezony,
332,PLECAK/WOREK,torby,
333,PLECAK/WOREK,torby,
334,KUBKI,inne,
335,SPÓDNICE,Kobieta > Odzież > Spódnice,
336,KOSZULE,Kobieta > Odzież > Koszule,
61,ODZIEŻ,Kobieta > Odzież,
62,OBUWIE,Kobieta > Obuwie,
63,TORBY I AKCESORIA,Kobieta > Akcesoria,
64,ODZIEŻ,Kobieta > Odzież,
65,OBUWIE,Kobieta > Obuwie,
66,TORBY I AKCESORIA,Kobieta > Akcesoria,
67,SPORTALM,odzież dasmka,
68,ODZIEŻ DAMSKA,Kobieta > Odzież,
71,AKCESORIA,Kobieta > Akcesoria,
72,ELISABETTA FRANCHI,odzież dasmka,
75,ODZIEŻ DAMSKA,Kobieta > Odzież,
78,AKCESORIA,Kobieta > Akcesoria,
79,ODZIEŻ DAMSKA NARCIARSKA,Kobieta > Odzież > Odzież sportowa,
81,G-SEL,odzież dasmka,
84,ODZIEŻ,Kobieta > Odzież ,
85,ODZIEŻ,Kobieta > Odzież ,
86,TORBY I AKCESORIA,Kobieta > Akcesoria,
87,TORBY I AKCESORIA,Kobieta > Akcesoria,
91,KARL LAGERFELD,odzież dasmka jesi śa to dasmkie produkty???,
92,RINASCIMENTO,odzież dasmka,
93,MOON BOOT,odzież dasmka,
94,Dla mężczyzny,Mężczyzna,
95,BLUZKI i T-SHIRTY,Kobieta > Odzież > T-shirty i topy,
96,BLUZY,Kobieta > Odzież > Swetry i bluzy,
97,DRESY,Kobieta > Odzież > Odzież sportowa,
98,SPODNIE I SZORTY,Kobieta > Odzież > Spodnie i spodenki,
99,JEANSY,Kobieta > Odzież > Jeansy,