0,*Kategoria tymczasowa,
1214553883,Biustonosze/Miękkie,Kobieta > Odzież > Bielizna i piżamy
1214553884,Biustonosze/Miękkie na fiszbinie,Kobieta > Odzież > Bielizna i piżamy
1214553885,Biustonosze/Usztywniane,Kobieta > Odzież > Bielizna i piżamy
1214553886,"Biustonosze/Ciąża, karmienie",Kobieta > Odzież > Bielizna i piżamy
1214553888,Biustonosze/Odpinane ramiączka,Kobieta > Odzież > Bielizna i piżamy
1214553889,Biustonosze/Sportowe,Kobieta > Odzież > Bielizna i piżamy
1214553891,Majtki damskie/Stringi,Kobieta > Odzież > Bielizna i piżamy
1214553892,Majtki damskie/Tanga,Kobieta > Odzież > Bielizna i piżamy
1214553893,Majtki damskie/Hipster,Kobieta > Odzież > Bielizna i piżamy
1214553894,Majtki damskie/Tai,Kobieta > Odzież > Bielizna i piżamy
1214553895,Majtki damskie/Midi,Kobieta > Odzież > Bielizna i piżamy
1214553896,Majtki damskie/Maxi,Kobieta > Odzież > Bielizna i piżamy
1214553898,Koszulki,Kobieta > Odzież > Bielizna i piżamy
1214553899,Bielizna modelująca,Kobieta > Odzież > Bielizna i piżamy
1214553907,Stroje kąpielowe/Jednoczęściowe,Kobieta > Odzież > Bielizna i piżamy
1214553908,Stroje kąpielowe/Dwuczęściowe,Kobieta > Odzież > Bielizna i piżamy
1214553910,Bielizna nocna/Piżamy,Kobieta > Odzież > Bielizna i piżamy
1214553911,Bielizna nocna/Koszule nocne,Kobieta > Odzież > Bielizna i piżamy
1214553912,Bielizna nocna/Szlafroki,Kobieta > Odzież > Bielizna i piżamy
1214553913,Bielizna nocna/Dresy,Kobieta > Odzież > Bielizna i piżamy
1214553916,Akcesoria/Ramiączka,Kobieta > Odzież > Bielizna i piżamy
1214553918,Akcesoria/Pasy do pończoch,Kobieta > Odzież > Bielizna i piżamy
1214553920,Biustonosze/Push up,Kobieta > Odzież > Bielizna i piżamy
1214553923,Bielizna męska/Piżamy,Mężczyzna > Odzież > Bielizna
1214553924,Bielizna męska/Slipy,Mężczyzna > Odzież > Bielizna
1214553925,Bielizna męska/Bokserki,Mężczyzna > Odzież > Bielizna
1214553926,Bielizna męska/Kąpielówki,Mężczyzna > Odzież > Bielizna
1214553927,Majtki damskie/Mini,Kobieta > Odzież > Bielizna i piżamy
1214553928,Majtki damskie/Short,Kobieta > Odzież > Bielizna i piżamy
1214553929,Stroje kąpielowe/Sloggi Swim,Kobieta > Odzież > Bielizna i piżamy
1214554083,Stroje kąpielowe/Mix To Match,Kobieta > Odzież > Bielizna i piżamy
1214554085,Bielizna męska/Koszulki,Kobieta > Odzież > Bielizna i piżamy
1214554088,Body,Kobieta > Odzież > Bielizna i piżamy
1214554091,Akcesoria/Akcesoria do biustonoszy,Kobieta > Odzież > Bielizna i piżamy
1214554094,Bielizna nocna/Legginsy,Kobieta > Odzież > Bielizna i piżamy
1214554107,Maseczki  ochronne,Akcesoria>Inne