23,Biżuteria wybrana,Kobieta > Akcesoria > Biżuteria,,,,
31,Kolekcje > Szelest wiatru,Kobieta > Akcesoria > Biżuteria,,,,
55,Kolekcje > Tajemniczy ogród,Kobieta > Akcesoria > Biżuteria,,,,
56,Kolekcje > Natura,Kobieta > Akcesoria > Biżuteria,,,,
65,Karty,Ogólne,,,,
71,Zegarki, - ,,,,not to import!!!
72,Zegarki > Męskie,Mężczyzna > Akcesoria > Zegarki,,,,
74,Zegarki > Damskie,Kobieta > Akcesoria > Zegarki,,,,
75,Zegarki > Dziecięce,Dziecko > Akcesoria,,,,
77,Kolekcje,Ogólne,,,,
120,Nowość,Ogólne,,,,
132,Kolczyki,Kobieta > Akcesoria > Biżuteria,,,,
133,Pierścionki,Kobieta > Akcesoria > Biżuteria,,,,
134,Zawieszki,Kobieta > Akcesoria > Biżuteria,,,,
135,Naszyjniki,Kobieta > Akcesoria > Biżuteria,,,,
136,Bransolety,Kobieta > Akcesoria > Biżuteria,,,,
308,Prezenty,Ogólne,,,,
436,Elemento,Ogólne,,,,
518,Świąteczne,Ogólne,,,,
519,Pierścionki > Pierścionki zaręczynowe,Kobieta > Akcesoria > Biżuteria,,,,
542,Naszyjniki > Naszyjniki z agatów,Kobieta > Akcesoria > Biżuteria,,,,