15,Bez kategorii
62,Wielkanoc
63,Ślub
64,Komunia
65,Dzień kobiet
66,Imieniny
67,Dzień Matki
68,Walentynki
69,Zaręczyny
70,Dzień Babci
81,Urodziny
89,Bukiety mieszane
90,Bukiet zaręczynowy
91,Bukiety na cmentarz pogrzeb
92,Bukiety na ślub
93,Kwiaty bez okazji
94,Kwiaty dla Babci i Dziadka
95,Kwiaty do biura
96,Kwiaty na Boże Narodzenie
97,Kwiaty na Dzień Kobiet
98,Kwiaty na Dzień Matki
99,Kwiaty na imieniny
100,Kwiaty na podziękowanie
101,Kwiaty na przeprosiny
102,Kwiaty na rocznice
103,Kwiaty na urodziny
104,Kwiaty na walentynki
105,Kwiaty na Wszystkich Świętych
106,Kwiaty w koszu
107,Kwiaty w pudełku
108,Kwiaty Wielkanocne
109,Kwiaty z miłości
110,Bukiety gerberów
111,Bukiety goździków
112,Bukiety lilii
113,Bukiety margaretek
114,Bukiety róż
115,Bukiety słoneczników
116,Bukiety tulipanów
117,Kwiaciarnia Białystok
118,Kwiaciarnia Bydgoszcz
119,Kwiaciarnia Bytom
120,Kwiaciarnia Częstochowa
121,Kwiaciarnia Gdańsk
122,Kwiaciarnia Gdynia
123,Kwiaciarnia Gliwice
124,Kwiaciarnia Katowice
125,Kwiaciarnia Kielce
126,Kwiaciarnia Kraków
127,Kwiaciarnia Łódź
128,Kwiaciarnia Lublin
129,Kwiaciarnia Olsztyn
130,Kwiaciarnia Opole
131,Kwiaciarnia Poznań
132,Kwiaciarnia Radom
133,Kwiaciarnia Rzeszów
134,Kwiaciarnia Sopot
135,Kwiaciarnia Sosnowiec
136,Kwiaciarnia Szczecin
137,Kwiaciarnia Toruń
138,Kwiaciarnia Warszawa
139,Kwiaciarnia Wrocław
140,Kwiaciarnia Zabrze
141,Kwiaciarnia Zielona Góra
142,Okazje
143,Okazje > Okazja1
144,Bukiety
145,Bukiety > kwiaty1
146,kwiaty na jutro
147,Bukiet gratulacyjny
148,Kwiaty na wiosnę
149,Kwiaty na komunię
150,Flower Box
