1,Portfele damskie,Kobieta > Akcesoria > Portfele i etui,,,,,
2,Portfele męskie z ochroną RFID,Mężczyzna > Akcesoria > Portfele i etui,,,,,
6,Etui skórzane na dokumenty i kluczyki,akcesoria,,,,,
9,Portfele męskie z ochroną RFID - Zagatto,Mężczyzna > Akcesoria > Portfele i etui,,,,,
10,Portfele męskie z ochroną RFID - Pierre Cardin,Mężczyzna > Akcesoria > Portfele i etui,,,,,
12,Portfele damskie - Loren,Kobieta > Akcesoria > Portfele i etui,,,,,
14,Portfele męskie z ochroną RFID - Always Wild,Mężczyzna > Akcesoria > Portfele i etui,,,,,
15,Portfele męskie z ochroną RFID - Loren,Mężczyzna > Akcesoria > Portfele i etui,,,,,
16,Portfele męskie z ochroną RFID - Moretti,Mężczyzna > Akcesoria > Portfele i etui,,,,,
17,Portfele damskie - Kolekcja SAVONA,Kobieta > Akcesoria > Portfele i etui,,,,,
18,Portfele damskie - Jennifer Jones,Kobieta > Akcesoria > Portfele i etui,,,,,
19,Portfele męskie z ochroną RFID - Zagatto - Kolekcja CAIANO,Mężczyzna > Akcesoria > Portfele i etui,,,,,
20,Portfele męskie z ochroną RFID - Zagatto - Kolekcja ZAGIANO,Mężczyzna > Akcesoria > Portfele i etui,,,,,
21,Portfele męskie z ochroną RFID - Zagatto - Kolekcja STRIANO,Mężczyzna > Akcesoria > Portfele i etui,,,,,
22,Torby miejskie,Mężczyzna>Torby i Plecaki,?,,,,unidentified category
23,Okulary przeciwsłoneczne,akcesoria,,,,,unidentified category
24,Okulary przeciwsłoneczne - Dla Niego,Mężczyzna>Akcesoria>Okulary,,,,,
25,Okulary przeciwsłoneczne - Dla Niej,Kobieta>Akcesoria>Okulary,,,,,
27,Paski męskie,akcesoria,,,,,
28,Portfele męskie z ochroną RFID - Zagatto - Kolekcja VALENTANO,Mężczyzna > Akcesoria > Portfele i etui,,,,,
30,Portfele męskie z ochroną RFID - Zagatto - Kolekcja GRIANTE,Mężczyzna > Akcesoria > Portfele i etui,,,,,
32,Portfele męskie z ochroną RFID - Zagatto - Kolekcja BRANTA,Mężczyzna > Akcesoria > Portfele i etui,,,,,
33,Portfele damskie - Lorenti,Kobieta > Akcesoria > Portfele i etui,,,,,
34,Portfele męskie z ochroną RFID - Zagatto - Kolekcja BARILE,Mężczyzna > Akcesoria > Portfele i etui,,,,,
35,Portfele męskie z ochroną RFID - Zagatto - Kolekcja AVIO,Mężczyzna > Akcesoria > Portfele i etui,,,,,
36,Portfele męskie z ochroną RFID - Bag Street,Mężczyzna > Akcesoria > Portfele i etui,,,,,
37,Portfele damskie - Kolekcja ROSSO,Kobieta > Akcesoria > Portfele i etui,,,,,
38,Portfele damskie - Cavaldi,Kobieta > Akcesoria > Portfele i etui,,,,,
39,Paski męskie - Paski parciane Zagatto,Mężczyzna > Akcesoria > Paski,,,,,
40,Paski męskie - PASKI SKÓRZANE PIERRE CARDIN,Mężczyzna > Akcesoria > Paski,,,,,
41,Paski męskie - Paski skórzane Zagatto,Mężczyzna > Akcesoria > Paski,,,,,
42,Portfele męskie z ochroną RFID - Cavaldi,Mężczyzna > Akcesoria > Portfele i etui,,,,,
43,Portfele męskie z ochroną RFID - Zagatto - Kolekcja MANHATTAN,Mężczyzna > Akcesoria > Portfele i etui,,,,,
44,"Etui skórzane na dokumenty i kluczyki - Wizytowniki skórzane, etui RFID na karty i dokumenty",Mężczyzna > Akcesoria > Portfele i etui,,,,,
45,"Etui skórzane na dokumenty i kluczyki - Etui na wizytowniki, karty i dokumenty",Mężczyzna > Akcesoria > Portfele i etui,,,,,
47,Portfele męskie z ochroną RFID - Zagatto - Kolekcja MONTANA,Mężczyzna > Akcesoria > Portfele i etui,,,,,
48,Torby na laptopa,Multimedia>Akcesoria,,,,,
49,"Torby na laptopa - Kolekcja ETUI NA MACBOOK 13""",Multimedia>Akcesoria,,,,,
50,Torby na laptopa - Kolekcja OXFORD,Multimedia>Akcesoria,,,,,
51,Paski męskie - Paski automatyczne Zagatto,Mężczyzna > Akcesoria > Paski,,,,,
53,Portfele damskie - Kolekcja BIANCA,Kobieta > Akcesoria > Portfele i etui,,,,,
54,Portfele damskie - Kolekcja SOPHIA,Kobieta > Akcesoria > Portfele i etui,,,,,
55,Portfele damskie - Kolekcja LEAF,Kobieta > Akcesoria > Portfele i etui,,,,,
56,Portfele damskie - Kolekcja LIVIA,Kobieta > Akcesoria > Portfele i etui,,,,,
57,Torby na laptopa - KOLEKCJA TEXAS,Multimedia>Akcesoria,,,,,
58,Portfele męskie z ochroną RFID - Zagatto - Kolekcja SIENNA,Mężczyzna > Akcesoria > Portfele i etui,,,,,
61,Etui skórzane na dokumenty i kluczyki - Etui ochronne na kluczyki samochodowe,Mężczyzna > Akcesoria > Portfele i etui,,,,,
62,Portfele damskie - Portfele z biglem,Mężczyzna > Akcesoria > Portfele i etui,,,,,
63,Portfele męskie z ochroną RFID - Zagatto - Kolekcja FABRIANO,Mężczyzna > Akcesoria > Portfele i etui,,,,,