1,Bazowa,
177,Bazowa - Sklep - KAWA,Art. Spożywcze > Spożywcze
178,Bazowa - Sklep - HERBATA,Art. Spożywcze > Spożywcze
179,Bazowa - Sklep - PORCELANA,Dom i ogród > Kuchnia i jadalnia
180,Bazowa - Sklep - DODATKI,Dom i ogród > Kuchnia i jadalnia
181,Bazowa - Sklep - AKCESORIA,Dom i ogród > Kuchnia i jadalnia
182,Bazowa - Sklep - PREZENTY,
183,Bazowa - Sklep - PROMOCJE %,
184,Bazowa - Sklep - PORCELANA - Ritzenhoff - Tee,Dom i ogród > Kuchnia i jadalnia
185,Bazowa - Sklep - PORCELANA - Ritzenhoff - T-amo,Dom i ogród > Kuchnia i jadalnia
186,Bazowa - Sklep - PORCELANA - Ritzenhoff - My Tea,Dom i ogród > Kuchnia i jadalnia
187,Bazowa - Sklep - PORCELANA - Ritzenhoff - My Lian,Dom i ogród > Kuchnia i jadalnia
188,Bazowa - Sklep - KAWA - Aromatyzowana,Art. Spożywcze > Spożywcze
189,Bazowa - Sklep - KAWA - Klasyczna,Art. Spożywcze > Spożywcze
190,Bazowa - Sklep - PORCELANA - Ręcznie malowana - Kubek 1l,Dom i ogród > Kuchnia i jadalnia
191,"Bazowa - Sklep - PORCELANA - Ręcznie malowana - Kubek 0,5l",Dom i ogród > Kuchnia i jadalnia
192,Bazowa - Sklep - HERBATA - Biała,Art. Spożywcze > Spożywcze
193,Bazowa - Sklep - HERBATA - Zielona,Art. Spożywcze > Spożywcze
194,Bazowa - Sklep - HERBATA - Pu-Erh,Art. Spożywcze > Spożywcze
195,Bazowa - Sklep - HERBATA - Czarna,Art. Spożywcze > Spożywcze
196,Bazowa - Sklep - HERBATA - Herbaty owocowe,Art. Spożywcze > Spożywcze
197,Bazowa - Sklep - HERBATA - Zioła,Art. Spożywcze > Spożywcze
198,Bazowa - Sklep - HERBATA - Fit na odchudzanie,Art. Spożywcze > Spożywcze
199,Bazowa - Sklep - HERBATA - Specjały,Art. Spożywcze > Spożywcze
2,Bazowa - Sklep,
200,Bazowa - Sklep - ŚWIĘTA W TEA CLUB,
201,Bazowa - Sklep - HERBATA - Konfekcja,Art. Spożywcze > Spożywcze
202,Bazowa - Sklep - PORCELANA - Maxwell & Williams - Cashmere Round,Dom i ogród > Kuchnia i jadalnia
203,Bazowa - Sklep - PORCELANA - Maxwell & Williams - Cashmere Square,Dom i ogród > Kuchnia i jadalnia
204,Bazowa - Sklep - PORCELANA - Maxwell & Williams - Botanic,Dom i ogród > Kuchnia i jadalnia
205,Bazowa - Sklep - PORCELANA - Maxwell & Williams - Birds of Australia,Dom i ogród > Kuchnia i jadalnia
206,Bazowa - Sklep - PORCELANA - Maxwell & Williams - Birds of the World,Dom i ogród > Kuchnia i jadalnia
207,Bazowa - Sklep - PORCELANA - Maxwell & Williams - Sari,Dom i ogród > Kuchnia i jadalnia
208,Bazowa - Sklep - PORCELANA - Maxwell & Williams - Sue Jonson,Dom i ogród > Kuchnia i jadalnia
209,Bazowa - Sklep - PORCELANA - Australijska,Dom i ogród > Kuchnia i jadalnia
210,Bazowa - Sklep - PORCELANA - Ritzenhoff,Dom i ogród > Kuchnia i jadalnia
211,Bazowa - Sklep - PORCELANA - Angielska,Dom i ogród > Kuchnia i jadalnia
212,Bazowa - Sklep - PORCELANA - Ręcznie malowana,Dom i ogród > Kuchnia i jadalnia
213,Bazowa - Sklep - PORCELANA - Maxwell & Williams,Dom i ogród > Kuchnia i jadalnia
214,Bazowa - Sklep - PORCELANA - Łomonosow,Dom i ogród > Kuchnia i jadalnia
215,Bazowa - Sklep - PORCELANA - Ręcznie dekorowana,Dom i ogród > Kuchnia i jadalnia
216,Bazowa - Sklep - PORCELANA - Pozostałe,Dom i ogród > Kuchnia i jadalnia
217,Bazowa - Sklep - HERBATA - Biała - Klasyczna,Art. Spożywcze > Spożywcze
218,Bazowa - Sklep - HERBATA - Biała - Aromatyzowana,Art. Spożywcze > Spożywcze
219,Bazowa - Sklep - HERBATA - Zielona - Klasyczna,Art. Spożywcze > Spożywcze
220,Bazowa - Sklep - HERBATA - Zielona - Aromatyzowana,Art. Spożywcze > Spożywcze
221,Bazowa - Sklep - HERBATA - Pu-Erh - Klasyczna,Art. Spożywcze > Spożywcze
222,Bazowa - Sklep - HERBATA - Pu-Erh - Aromatyzowana,Art. Spożywcze > Spożywcze
223,Bazowa - Sklep - HERBATA - Czarna - Klasyczna,Art. Spożywcze > Spożywcze
224,Bazowa - Sklep - HERBATA - Czarna - Mieszanki klasyczne,Art. Spożywcze > Spożywcze
225,Bazowa - Sklep - HERBATA - Czarna - Aromatyzowana,Art. Spożywcze > Spożywcze
226,Bazowa - Sklep - HERBATA - Zioła - Yerba Mate,Art. Spożywcze > Spożywcze
227,Bazowa - Sklep - HERBATA - Zioła - Rooibos,Art. Spożywcze > Spożywcze
228,Bazowa - Sklep - HERBATA - Zioła - Lapacho,Art. Spożywcze > Spożywcze
229,Bazowa - Sklep - HERBATA - Zioła - Dodatki,Art. Spożywcze > Spożywcze
230,Bazowa - Sklep - DODATKI - Konfitury i Owoce w Syropie,Art. Spożywcze > Spożywcze
231,Bazowa - Sklep - DODATKI - Kandyzy,Art. Spożywcze > Spożywcze
232,Bazowa - Sklep - DODATKI - Inne,
233,Bazowa - Sklep - PORCELANA - Filiżanki,Dom i ogród > Kuchnia i jadalnia
234,Bazowa - Sklep - PORCELANA - Kubki,Dom i ogród > Kuchnia i jadalnia
235,Bazowa - Sklep - PORCELANA - Pozostałe - Dzbanki,Dom i ogród > Kuchnia i jadalnia
236,Bazowa - Sklep - PORCELANA - Szkło,Dom i ogród > Kuchnia i jadalnia
237,Bazowa - Sklep - AKCESORIA - Filtry i zaparzacze do herbaty,Dom i ogród > Kuchnia i jadalnia
238,Bazowa - Sklep - AKCESORIA - Puszki i przechowywanie,Dom i ogród > Kuchnia i jadalnia
239,Bazowa - Sklep - AKCESORIA - Akcesoria do Yerba Mate - Naczynia do yerby,Dom i ogród > Kuchnia i jadalnia
240,Bazowa - Sklep - AKCESORIA - Akcesoria do Yerba Mate - Bombille,Dom i ogród > Kuchnia i jadalnia
241,Bazowa - Sklep - AKCESORIA - Inne,Dom i ogród > Kuchnia i jadalnia
242,Bazowa - Sklep - DLA ZDROWIA,
243,Bazowa - Sklep - DLA RELAKSU,
244,Bazowa - Sklep - DLA ENERGII,
245,Bazowa - Sklep - DLA DZIECI,
246,Bazowa - Sklep - PRODUKTY ORGANICZNE,Art. Spożywcze > Spożywcze
247,Bazowa - Sklep - PORCELANA - Maxwell & Williams - Pets,Dom i ogród > Kuchnia i jadalnia
248,Bazowa - Sklep - PORCELANA - Emma,Dom i ogród > Kuchnia i jadalnia
249,Bazowa - Sklep - PORCELANA - Cherry Blossom,Dom i ogród > Kuchnia i jadalnia
250,Bazowa - Sklep - PORCELANA - Dzbanki,Dom i ogród > Kuchnia i jadalnia
251,Bazowa - Sklep - CZEKOLADA,Art. Spożywcze > Spożywcze
252,Bazowa - Sklep - NOWOŚCI,
253,Bazowa - Sklep - WIELKANOC,
254,Bazowa - Sklep - AKCESORIA - Akcesoria do Matchy,
255,Bazowa - Sklep - PORCELANA - Maxwell & Williams - Animals of the World,Dom i ogród > Kuchnia i jadalnia
256,Bazowa - Sklep - PORCELANA - Anlux,Dom i ogród > Kuchnia i jadalnia
257,Bazowa - Sklep - PORCELANA - Maxwell & Williams - KILBURN,Dom i ogród > Kuchnia i jadalnia
258,Bazowa - Sklep - PORCELANA - Tokyo Design Studio,Dom i ogród > Kuchnia i jadalnia
260,Bazowa - Sklep - HERBATA - Zielona - Z jaśminem,Art. Spożywcze > Spożywcze
261,Bazowa - Sklep - HERBATA - Herbata do gastronomii,Art. Spożywcze > Spożywcze
262,Bazowa - Sklep - KAWA - Kawy do gastronomii,Art. Spożywcze > Spożywcze
263,Bazowa - Sklep - AKCESORIA - Akcesoria do Yerba Mate,Art. Spożywcze > Spożywcze
264,Bazowa - Sklep - HERBATA - Żółta,Art. Spożywcze > Spożywcze
265,Bazowa - Sklep - AKCESORIA - Akcesoria do Yerba Mate - Bombille,Dom i ogród > Kuchnia i jadalnia
266,Bazowa - Sklep - HERBATA - Oolong,Art. Spożywcze > Spożywcze
267,Bazowa - Sklep - PORCELANA - Maxwell & Williams - Aurora,Dom i ogród > Kuchnia i jadalnia
268,Bazowa - Sklep - PORCELANA - Maxwell & Williams - Boat Club,Dom i ogród > Kuchnia i jadalnia
269,Bazowa - Sklep - PORCELANA - Maxwell & Williams - Marini Ferlazzo Collection,Dom i ogród > Kuchnia i jadalnia
270,Bazowa - Sklep - PORCELANA - Folk,Dom i ogród > Kuchnia i jadalnia
271,Bazowa - Sklep - AKCESORIA - Akcesoria do kawy,Dom i ogród > Kuchnia i jadalnia
272,Bazowa - Sklep - ŻELIWO,Dom i ogród > Kuchnia i jadalnia
273,Bazowa - Sklep - HERBATA - WYPRZEDAŻ,Art. Spożywcze > Spożywcze
274,Bazowa - Sklep - PORCELANA - Carmani,Dom i ogród > Kuchnia i jadalnia
275,Bazowa - Sklep - CZEKOLADA - Czekolady w Tabliczkach,Art. Spożywcze > Spożywcze
276,Bazowa - Sklep - CZEKOLADA - Czekolady Pitne,Art. Spożywcze > Spożywcze
277,Bazowa - Sklep - CZEKOLADA - Owoce i Orzechy w Czekoladzie,Art. Spożywcze > Spożywcze
278,Bazowa - Sklep - PORCELANA - Kubki z Zaparzaczami,Dom i ogród > Kuchnia i jadalnia
279,Bazowa - Sklep - PORCELANA - Maxwell & Williams - Pete Cromer,Dom i ogród > Kuchnia i jadalnia
280,Bazowa - Sklep - WYPRZEDAŻ,
281,Bazowa - Sklep - DODATKI - Miody,Art. Spożywcze > Spożywcze
282,Bazowa - Sklep - PORCELANA - Zestawy,Dom i ogród > Kuchnia i jadalnia
283,Bazowa - Sklep - DODATKI - Soki i Syropy,Art. Spożywcze > Spożywcze
284,Bazowa - Sklep - BESTSELLERY,