1,Baza,
13,Baza - Strona główna - Koszule,Mężczyzna > Odzież > Koszule
2,Baza - Strona główna,Mężczyzna > Odzież > Koszule
24,Baza - Strona główna - Spodnie,Mężczyzna > Odzież > Spodnie i spodenki
26,Baza - Strona główna - Marynarki,Mężczyzna > Odzież > Marynarki
27,Baza - Strona główna - Dodatki,Mężczyzna > Akcesoria > Akcesoria garniturowe
28,Baza - Strona główna - Dodatki - Muszki,Mężczyzna > Akcesoria > Akcesoria garniturowe
29,Baza - Strona główna - Dodatki - Krawaty,Mężczyzna > Akcesoria > Akcesoria garniturowe
31,Baza - Strona główna - Koszule - Jack Blanc,Mężczyzna > Odzież > Koszule
32,Baza - Strona główna - Koszule - Nouveau,Mężczyzna > Odzież > Koszule
33,Baza - Strona główna - Koszule - Nouveau - Regular fit,Mężczyzna > Odzież > Koszule
34,Baza - Strona główna - Koszule - Nouveau - Slim fit,Mężczyzna > Odzież > Koszule
35,Baza - Strona główna - Koszule - Jack Blanc - Slim fit,Mężczyzna > Odzież > Koszule
36,Baza - Strona główna - Koszule - Jack Blanc - Regular fit,Mężczyzna > Odzież > Koszule
37,Baza - Strona główna - Swetry,Mężczyzna > Odzież > Swetry i bluzy
38,Baza - Strona główna - Garnitury,Mężczyzna > Odzież > Garnitury
39,Baza - Strona główna - Szycie na miarę,Mężczyzna > Odzież > Garnitury
40,Baza - Strona główna - Maseczki,akcesoria